movement.variable.map0,movement
movement.variable.map9,movement
movement.variable.map99,movement
movement.variable.map10,movement
movement.variable.map11,movement
movement.variable.map12,movement
movement.variable.map13,movement
movement.variable.map14,movement
movement.variable.map15,movement
movement.variable.map16,movement
movement.variable.map17,movement
movement.variable.map18,movement
movement.variable.map1,movement
movement.variable.map19,movement
movement.variable.map20,movement
movement.variable.map21,movement
movement.variable.map22,movement
movement.variable.map23,movement
movement.variable.map24,movement
movement.variable.map25,movement
movement.variable.map26,movement
movement.variable.map27,movement
movement.variable.map28,movement
movement.variable.map2,movement
movement.variable.map29,movement
movement.variable.map30,movement
movement.variable.map31,movement
movement.variable.map32,movement
movement.variable.map33,movement
movement.variable.map34,movement
movement.variable.map35,movement
movement.variable.map36,movement
movement.variable.map37,movement
movement.variable.map38,movement
movement.variable.map3,movement
movement.variable.map39,movement
movement.variable.map40,movement
movement.variable.map41,movement
movement.variable.map42,movement
movement.variable.map43,movement
movement.variable.map44,movement
movement.variable.map45,movement
movement.variable.map46,movement
movement.variable.map47,movement
movement.variable.map48,movement
movement.variable.map4,movement
movement.variable.map49,movement
movement.variable.map50,movement
movement.variable.map51,movement
movement.variable.map52,movement
movement.variable.map53,movement
movement.variable.map54,movement
movement.variable.map55,movement
movement.variable.map56,movement
movement.variable.map57,movement
movement.variable.map58,movement
movement.variable.map5,movement
movement.variable.map59,movement
movement.variable.map60,movement
movement.variable.map61,movement
movement.variable.map62,movement
movement.variable.map63,movement
movement.variable.map64,movement
movement.variable.map65,movement
movement.variable.map66,movement
movement.variable.map67,movement
movement.variable.map68,movement
movement.variable.map6,movement
movement.variable.map69,movement
movement.variable.map70,movement
movement.variable.map71,movement
movement.variable.map72,movement
movement.variable.map73,movement
movement.variable.map74,movement
movement.variable.map75,movement
movement.variable.map76,movement
movement.variable.map77,movement
movement.variable.map78,movement
movement.variable.map7,movement
movement.variable.map79,movement
movement.variable.map80,movement
movement.variable.map81,movement
movement.variable.map82,movement
movement.variable.map83,movement
movement.variable.map84,movement
movement.variable.map85,movement
movement.variable.map86,movement
movement.variable.map87,movement
movement.variable.map88,movement
movement.variable.map8,movement
movement.variable.map89,movement
movement.variable.map90,movement
movement.variable.map91,movement
movement.variable.map92,movement
movement.variable.map93,movement
movement.variable.map94,movement
movement.variable.map95,movement
movement.variable.map96,movement
movement.variable.map97,movement
movement.variable.map98,movement
movement.variable.map100,movement
movement.file.map0,movements_map0D.nc
movement.file.map9,movements_map0D.nc
movement.file.map99,movements_map0D.nc
movement.file.map10,movements_map0D.nc
movement.file.map11,movements_map0D.nc
movement.file.map12,movements_map0D.nc
movement.file.map13,movements_map0D.nc
movement.file.map14,movements_map0D.nc
movement.file.map15,movements_map0D.nc
movement.file.map16,movements_map0D.nc
movement.file.map17,movements_map0D.nc
movement.file.map18,movements_map0D.nc
movement.file.map1,movements_map0D.nc
movement.file.map19,movements_map0D.nc
movement.file.map20,movements_map0D.nc
movement.file.map21,movements_map0D.nc
movement.file.map22,movements_map0D.nc
movement.file.map23,movements_map0D.nc
movement.file.map24,movements_map0D.nc
movement.file.map25,movements_map0D.nc
movement.file.map26,movements_map0D.nc
movement.file.map27,movements_map0D.nc
movement.file.map28,movements_map0D.nc
movement.file.map2,movements_map0D.nc
movement.file.map29,movements_map0D.nc
movement.file.map30,movements_map0D.nc
movement.file.map31,movements_map0D.nc
movement.file.map32,movements_map0D.nc
movement.file.map33,movements_map0D.nc
movement.file.map34,movements_map0D.nc
movement.file.map35,movements_map0D.nc
movement.file.map36,movements_map0D.nc
movement.file.map37,movements_map0D.nc
movement.file.map38,movements_map0D.nc
movement.file.map3,movements_map0D.nc
movement.file.map39,movements_map0D.nc
movement.file.map40,movements_map0D.nc
movement.file.map41,movements_map0D.nc
movement.file.map42,movements_map0D.nc
movement.file.map43,movements_map0D.nc
movement.file.map44,movements_map0D.nc
movement.file.map45,movements_map0D.nc
movement.file.map46,movements_map0D.nc
movement.file.map47,movements_map0D.nc
movement.file.map48,movements_map0D.nc
movement.file.map4,movements_map0D.nc
movement.file.map49,movements_map0D.nc
movement.file.map50,movements_map0D.nc
movement.file.map51,movements_map0D.nc
movement.file.map52,movements_map0D.nc
movement.file.map53,movements_map0D.nc
movement.file.map54,movements_map0D.nc
movement.file.map55,movements_map0D.nc
movement.file.map56,movements_map0D.nc
movement.file.map57,movements_map0D.nc
movement.file.map58,movements_map0D.nc
movement.file.map5,movements_map0D.nc
movement.file.map59,movements_map0D.nc
movement.file.map60,movements_map0D.nc
movement.file.map61,movements_map0D.nc
movement.file.map62,movements_map0D.nc
movement.file.map63,movements_map0D.nc
movement.file.map64,movements_map0D.nc
movement.file.map65,movements_map0D.nc
movement.file.map66,movements_map0D.nc
movement.file.map67,movements_map0D.nc
movement.file.map68,movements_map0D.nc
movement.file.map6,movements_map0D.nc
movement.file.map69,movements_map0D.nc
movement.file.map70,movements_map0D.nc
movement.file.map71,movements_map0D.nc
movement.file.map72,movements_map0D.nc
movement.file.map73,movements_map0D.nc
movement.file.map74,movements_map0D.nc
movement.file.map75,movements_map0D.nc
movement.file.map76,movements_map0D.nc
movement.file.map77,movements_map0D.nc
movement.file.map78,movements_map0D.nc
movement.file.map7,movements_map0D.nc
movement.file.map79,movements_map0D.nc
movement.file.map80,movements_map0D.nc
movement.file.map81,movements_map0D.nc
movement.file.map82,movements_map0D.nc
movement.file.map83,movements_map0D.nc
movement.file.map84,movements_map0D.nc
movement.file.map85,movements_map0D.nc
movement.file.map86,movements_map0D.nc
movement.file.map87,movements_map0D.nc
movement.file.map88,movements_map0D.nc
movement.file.map8,movements_map0D.nc
movement.file.map89,movements_map0D.nc
movement.file.map90,movements_map0D.nc
movement.file.map91,movements_map0D.nc
movement.file.map92,movements_map0D.nc
movement.file.map93,movements_map0D.nc
movement.file.map94,movements_map0D.nc
movement.file.map95,movements_map0D.nc
movement.file.map96,movements_map0D.nc
movement.file.map97,movements_map0D.nc
movement.file.map98,movements_map0D.nc
movement.file.map100,movements_map0D.nc
movement.nsteps.year.map0,24
movement.nsteps.year.map9,24
movement.nsteps.year.map99,24
movement.nsteps.year.map10,24
movement.nsteps.year.map11,24
movement.nsteps.year.map12,24
movement.nsteps.year.map13,24
movement.nsteps.year.map14,24
movement.nsteps.year.map15,24
movement.nsteps.year.map16,24
movement.nsteps.year.map17,24
movement.nsteps.year.map18,24
movement.nsteps.year.map1,24
movement.nsteps.year.map19,24
movement.nsteps.year.map20,24
movement.nsteps.year.map21,24
movement.nsteps.year.map22,24
movement.nsteps.year.map23,24
movement.nsteps.year.map24,24
movement.nsteps.year.map25,24
movement.nsteps.year.map26,24
movement.nsteps.year.map27,24
movement.nsteps.year.map28,24
movement.nsteps.year.map2,24
movement.nsteps.year.map29,24
movement.nsteps.year.map30,24
movement.nsteps.year.map31,24
movement.nsteps.year.map32,24
movement.nsteps.year.map33,24
movement.nsteps.year.map34,24
movement.nsteps.year.map35,24
movement.nsteps.year.map36,24
movement.nsteps.year.map37,24
movement.nsteps.year.map38,24
movement.nsteps.year.map3,24
movement.nsteps.year.map39,24
movement.nsteps.year.map40,24
movement.nsteps.year.map41,24
movement.nsteps.year.map42,24
movement.nsteps.year.map43,24
movement.nsteps.year.map44,24
movement.nsteps.year.map45,24
movement.nsteps.year.map46,24
movement.nsteps.year.map47,24
movement.nsteps.year.map48,24
movement.nsteps.year.map4,24
movement.nsteps.year.map49,24
movement.nsteps.year.map50,24
movement.nsteps.year.map51,24
movement.nsteps.year.map52,24
movement.nsteps.year.map53,24
movement.nsteps.year.map54,24
movement.nsteps.year.map55,24
movement.nsteps.year.map56,24
movement.nsteps.year.map57,24
movement.nsteps.year.map58,24
movement.nsteps.year.map5,24
movement.nsteps.year.map59,24
movement.nsteps.year.map60,24
movement.nsteps.year.map61,24
movement.nsteps.year.map62,24
movement.nsteps.year.map63,24
movement.nsteps.year.map64,24
movement.nsteps.year.map65,24
movement.nsteps.year.map66,24
movement.nsteps.year.map67,24
movement.nsteps.year.map68,24
movement.nsteps.year.map6,24
movement.nsteps.year.map69,24
movement.nsteps.year.map70,24
movement.nsteps.year.map71,24
movement.nsteps.year.map72,24
movement.nsteps.year.map73,24
movement.nsteps.year.map74,24
movement.nsteps.year.map75,24
movement.nsteps.year.map76,24
movement.nsteps.year.map77,24
movement.nsteps.year.map78,24
movement.nsteps.year.map7,24
movement.nsteps.year.map79,24
movement.nsteps.year.map80,24
movement.nsteps.year.map81,24
movement.nsteps.year.map82,24
movement.nsteps.year.map83,24
movement.nsteps.year.map84,24
movement.nsteps.year.map85,24
movement.nsteps.year.map86,24
movement.nsteps.year.map87,24
movement.nsteps.year.map88,24
movement.nsteps.year.map8,24
movement.nsteps.year.map89,24
movement.nsteps.year.map90,24
movement.nsteps.year.map91,24
movement.nsteps.year.map92,24
movement.nsteps.year.map93,24
movement.nsteps.year.map94,24
movement.nsteps.year.map95,24
movement.nsteps.year.map96,24
movement.nsteps.year.map97,24
movement.nsteps.year.map98,24
movement.nsteps.year.map100,24
movement.netcdf.enabled,true
