#speciesnames;
species.name.sp0;Alosaalosa
species.name.sp1;Alosafallax
species.name.sp10;Caranxcrysos
species.name.sp11;Chelidonichthyslucerna
species.name.sp12;Corisjulis
species.name.sp13;Coryphaenahippurus
species.name.sp14;Crangoncrangon
species.name.sp15;Crystallogobiuslinearis
species.name.sp16;Dentexdentex
species.name.sp17;Dentexgibbosus
species.name.sp18;Dentexmaroccanus
species.name.sp19;Dicentrarchuslabrax
species.name.sp2;Anguillaanguilla
species.name.sp20;Diplodusannularis
species.name.sp21;Diploduscervinus
species.name.sp22;Diploduspuntazzo
species.name.sp23;Diplodussargussargus
species.name.sp24;Diplodusvulgaris
species.name.sp25;Eledonecirrhosa
species.name.sp26;Engraulisencrasicolus
species.name.sp27;Epinephelusaeneus
species.name.sp28;Epinephelusmarginatus
species.name.sp29;Etrumeusteres
species.name.sp3;Argyrosomusregius
species.name.sp30;Eutriglagurnardus
species.name.sp31;Galeusmelastomus
species.name.sp32;Gobiusniger
species.name.sp33;Halobatrachusdidactylus
species.name.sp34;Illexcoindetii
species.name.sp35;Lepidorhombuswhiffiagonis
species.name.sp36;Lizaaurata
species.name.sp37;Lizaramada
species.name.sp38;Lizasaliens
species.name.sp39;Loligovulgaris
species.name.sp4;Aristaeomorphafoliacea
species.name.sp40;Lophiusbudegassa
species.name.sp41;Lophiuspiscatorius
species.name.sp42;Merlangiusmerlangus
species.name.sp43;Merlucciusmerluccius
species.name.sp44;Micromesistiuspoutassou
species.name.sp45;Mugilcephalus
species.name.sp46;Mullusbarbatusbarbatus
species.name.sp47;Mullussurmuletus
species.name.sp48;Mustelusmustelus
species.name.sp49;Nephropsnorvegicus
species.name.sp5;Aristeusantennatus
species.name.sp50;Octopusvulgaris
species.name.sp51;Pagellusacarne
species.name.sp52;Pagelluserythrinus
species.name.sp53;Pagruspagrus
species.name.sp54;Palaemonserratus
species.name.sp55;Palinuruselephas
species.name.sp56;Parapenaeuslongirostris
species.name.sp57;Penaeuskerathurus
species.name.sp58;Phycisphycis
species.name.sp59;Platichthysflesusflesus
species.name.sp6;Atherinaboyeri
species.name.sp60;Pleuronectesplatessa
species.name.sp61;Pomatomussaltatrix
species.name.sp62;Pomatoschistusmarmoratus
species.name.sp63;Pomatoschistusminutus
species.name.sp64;Rhinobatosrhinobatos
species.name.sp65;Sardasarda
species.name.sp66;Sardinapilchardus
species.name.sp67;Sardinellaaurita
species.name.sp68;Sauridaundosquamis
species.name.sp69;Sciaenaumbra
species.name.sp7;Auxisrocheirochei
species.name.sp70;Scomberjaponicus
species.name.sp71;Scomberscombrus
species.name.sp72;Scophthalmusmaximus
species.name.sp73;Scorpaenanotata
species.name.sp74;Scyliorhinuscanicula
species.name.sp75;Sepiaofficinalis
species.name.sp76;Serioladumerili
species.name.sp77;Serranusatricauda
species.name.sp78;Soleasolea
species.name.sp79;Sparusaurata
species.name.sp8;Belonebelone
species.name.sp80;Sphyraenasphyraena
species.name.sp81;Sphyraenaviridensis
species.name.sp82;Spicaramaena
species.name.sp83;Spicarasmaris
species.name.sp84;Spondyliosomacantharus
species.name.sp85;Sprattussprattus
species.name.sp86;Squillamantis
species.name.sp87;Stephanolepisdiaspros
species.name.sp88;Thunnusalalunga
species.name.sp89;Thunnusthynnus
species.name.sp9;Boopsboops
species.name.sp90;Trachurusmediterraneus
species.name.sp91;Trachuruspicturatus
species.name.sp92;Trachurustrachurus
species.name.sp93;Trachyrincusscabrus
species.name.sp94;Triglalyra
species.name.sp95;Trisopterusluscus
species.name.sp96;Trisopterusminutus
species.name.sp97;Upeneusmoluccensis
species.name.sp98;Xiphiasgladius
species.name.sp99;Zosterisessorophiocephalus
species.name.sp100;Zosteuphausiids
species.egg.size.sp0;0.1
species.egg.size.sp1;0.1
species.egg.size.sp10;0.1
species.egg.size.sp11;0.1
species.egg.size.sp12;0.064
species.egg.size.sp13;0.1
species.egg.size.sp14;0.1
species.egg.size.sp15;0.04
species.egg.size.sp16;0.1
species.egg.size.sp17;0.1
species.egg.size.sp18;0.1
species.egg.size.sp19;0.13
species.egg.size.sp2;0.1
species.egg.size.sp20;0.085
species.egg.size.sp21;0.085
species.egg.size.sp22;0.085
species.egg.size.sp23;0.082
species.egg.size.sp24;0.085
species.egg.size.sp25;0.1
species.egg.size.sp26;0.15
species.egg.size.sp27;0.1
species.egg.size.sp28;0.1
species.egg.size.sp29;0.135
species.egg.size.sp3;0.1
species.egg.size.sp30;0.1
species.egg.size.sp31;4.53
species.egg.size.sp32;0.1
species.egg.size.sp33;0.1
species.egg.size.sp34;0.2
species.egg.size.sp35;0.11
species.egg.size.sp36;0.1
species.egg.size.sp37;0.1
species.egg.size.sp38;0.1
species.egg.size.sp39;0.18
species.egg.size.sp4;0.1
species.egg.size.sp40;0.27
species.egg.size.sp41;0.27
species.egg.size.sp42;0.114
species.egg.size.sp43;0.097
species.egg.size.sp44;0.1
species.egg.size.sp45;0.1
species.egg.size.sp46;0.066
species.egg.size.sp47;0.06
species.egg.size.sp48;39
species.egg.size.sp49;0.1
species.egg.size.sp5;0.1
species.egg.size.sp50;0.325
species.egg.size.sp51;0.1
species.egg.size.sp52;0.1
species.egg.size.sp53;0.096
species.egg.size.sp54;0.1
species.egg.size.sp55;0.133
species.egg.size.sp56;0.1
species.egg.size.sp57;0.025
species.egg.size.sp58;0.1
species.egg.size.sp59;0.115
species.egg.size.sp6;0.1
species.egg.size.sp60;0.191
species.egg.size.sp61;0.1
species.egg.size.sp62;0.1
species.egg.size.sp63;0.1
species.egg.size.sp64;15
species.egg.size.sp65;0.1
species.egg.size.sp66;0.14
species.egg.size.sp67;0.12
species.egg.size.sp68;0.1
species.egg.size.sp69;0.1
species.egg.size.sp7;0.097
species.egg.size.sp70;0.115
species.egg.size.sp71;0.115
species.egg.size.sp72;0.1
species.egg.size.sp73;0.1
species.egg.size.sp74;10.06
species.egg.size.sp75;1.35
species.egg.size.sp76;0.11
species.egg.size.sp77;0.0845
species.egg.size.sp78;0.128
species.egg.size.sp79;0.098
species.egg.size.sp8;0.1
species.egg.size.sp80;0.1
species.egg.size.sp81;0.1
species.egg.size.sp82;0.1
species.egg.size.sp83;0.1
species.egg.size.sp84;0.109
species.egg.size.sp85;0.11
species.egg.size.sp86;0.1
species.egg.size.sp87;0.1
species.egg.size.sp88;0.1
species.egg.size.sp89;0.1
species.egg.size.sp9;0.1
species.egg.size.sp90;0.1
species.egg.size.sp91;0.1
species.egg.size.sp92;0.1
species.egg.size.sp93;0.1
species.egg.size.sp94;0.1
species.egg.size.sp95;0.11
species.egg.size.sp96;0.11
species.egg.size.sp97;0.1
species.egg.size.sp98;0.17
species.egg.size.sp99;0.1
species.egg.size.sp100;0.1
species.egg.weight.sp0;0.0005386
species.egg.weight.sp1;0.0005386
species.egg.weight.sp10;0.0005386
species.egg.weight.sp11;0.0005386
species.egg.weight.sp12;0.000344704
species.egg.weight.sp13;0.0005386
species.egg.weight.sp14;0.0005386
species.egg.weight.sp15;0.00021544
species.egg.weight.sp16;0.0005386
species.egg.weight.sp17;0.0005386
species.egg.weight.sp18;0.0005386
species.egg.weight.sp19;0.00070018
species.egg.weight.sp2;0.0005386
species.egg.weight.sp20;0.00045781
species.egg.weight.sp21;0.00045781
species.egg.weight.sp22;0.00045781
species.egg.weight.sp23;0.000441652
species.egg.weight.sp24;0.00045781
species.egg.weight.sp25;0.0005386
species.egg.weight.sp26;0.0008079
species.egg.weight.sp27;0.0005386
species.egg.weight.sp28;0.0005386
species.egg.weight.sp29;0.00072711
species.egg.weight.sp3;0.0005386
species.egg.weight.sp30;0.0005386
species.egg.weight.sp31;2.2
species.egg.weight.sp32;0.0005386
species.egg.weight.sp33;0.0005386
species.egg.weight.sp34;0.0625
species.egg.weight.sp35;0.00059246
species.egg.weight.sp36;0.0005386
species.egg.weight.sp37;0.0005386
species.egg.weight.sp38;0.0005386
species.egg.weight.sp39;0.00096948
species.egg.weight.sp4;0.0005386
species.egg.weight.sp40;0.00145422
species.egg.weight.sp41;0.00145422
species.egg.weight.sp42;0.000614004
species.egg.weight.sp43;0.0005386
species.egg.weight.sp44;0.0005386
species.egg.weight.sp45;0.0005386
species.egg.weight.sp46;0.000355476
species.egg.weight.sp47;0.00032316
species.egg.weight.sp48;238
species.egg.weight.sp49;0.0005386
species.egg.weight.sp5;0.0005386
species.egg.weight.sp50;0.000264512
species.egg.weight.sp51;0.0005386
species.egg.weight.sp52;0.0005386
species.egg.weight.sp53;0.0005386
species.egg.weight.sp54;0.0005386
species.egg.weight.sp55;0.000716338
species.egg.weight.sp56;0.0005386
species.egg.weight.sp57;6.47e-06
species.egg.weight.sp58;0.0005386
species.egg.weight.sp59;0.00061939
species.egg.weight.sp6;0.0005386
species.egg.weight.sp60;0.0005386
species.egg.weight.sp61;0.001028726
species.egg.weight.sp62;0.0005386
species.egg.weight.sp63;0.0005386
species.egg.weight.sp64;21.05
species.egg.weight.sp65;0.0005386
species.egg.weight.sp66;0.00075404
species.egg.weight.sp67;0.00064632
species.egg.weight.sp68;0.0005386
species.egg.weight.sp69;0.0005386
species.egg.weight.sp7;0.0005386
species.egg.weight.sp70;0.00061939
species.egg.weight.sp71;0.00061939
species.egg.weight.sp72;0.0005386
species.egg.weight.sp73;0.0005386
species.egg.weight.sp74;10
species.egg.weight.sp75;0.5
species.egg.weight.sp76;0.0005386
species.egg.weight.sp77;0.000455117
species.egg.weight.sp78;0.000689408
species.egg.weight.sp79;0.0005386
species.egg.weight.sp8;0.0005386
species.egg.weight.sp80;0.0005386
species.egg.weight.sp81;0.0005386
species.egg.weight.sp82;0.0005386
species.egg.weight.sp83;0.0005386
species.egg.weight.sp84;0.000587074
species.egg.weight.sp85;0.00059246
species.egg.weight.sp86;0.0005386
species.egg.weight.sp87;0.0005386
species.egg.weight.sp88;0.0005386
species.egg.weight.sp89;0.0005386
species.egg.weight.sp9;0.0005386
species.egg.weight.sp90;0.0005386
species.egg.weight.sp91;0.0005386
species.egg.weight.sp92;0.0005386
species.egg.weight.sp93;0.0005386
species.egg.weight.sp94;0.0005386
species.egg.weight.sp95;0.00059246
species.egg.weight.sp96;0.00059246
species.egg.weight.sp97;0.0005386
species.egg.weight.sp98;0.00091562
species.egg.weight.sp99;0.0005386
species.egg.weight.sp100;0.0005386
species.K.sp0;0.351
species.K.sp1;0.241
species.K.sp10;0.35
species.K.sp11;0.41575
species.K.sp12;0.145666667
species.K.sp13;1.659
species.K.sp14;1.17
species.K.sp15;0.97
species.K.sp16;0.08775
species.K.sp17;0.12
species.K.sp18;0.17
species.K.sp19;0.2466
species.K.sp2;0.407557895
species.K.sp20;0.281222222
species.K.sp21;0.11
species.K.sp22;0.191
species.K.sp23;0.152
species.K.sp24;0.194625
species.K.sp25;0.387
species.K.sp26;0.4727
species.K.sp27;0.1655
species.K.sp28;0.09
species.K.sp29;0.2
species.K.sp3;0.144666667
species.K.sp30;0.16
species.K.sp31;0.15
species.K.sp32;0.391
species.K.sp33;0.13
species.K.sp34;2
species.K.sp35;0.17
species.K.sp36;0.247470588
species.K.sp37;0.288142857
species.K.sp38;0.229166667
species.K.sp39;1.74
species.K.sp4;0.444
species.K.sp40;0.15
species.K.sp41;0.15
species.K.sp42;0.143333333
species.K.sp43;0.188615385
species.K.sp44;0.296666667
species.K.sp45;0.3153125
species.K.sp46;0.380416667
species.K.sp47;0.2901
species.K.sp48;0.09
species.K.sp49;0.324
species.K.sp5;0.331
species.K.sp50;0.56
species.K.sp51;0.2874
species.K.sp52;0.188
species.K.sp53;0.144
species.K.sp54;0.605
species.K.sp55;0.19
species.K.sp56;0.53906
species.K.sp57;0.69
species.K.sp58;0.195
species.K.sp59;0.42
species.K.sp6;0.21
species.K.sp60;0.145782609
species.K.sp61;0.173
species.K.sp62;1.5
species.K.sp63;1.154
species.K.sp64;0.22225
species.K.sp65;0.516538462
species.K.sp66;0.445
species.K.sp67;0.437222222
species.K.sp68;0.232
species.K.sp69;0.1835
species.K.sp7;0.181
species.K.sp70;0.314571429
species.K.sp71;0.43075
species.K.sp72;0.29
species.K.sp73;0.31025
species.K.sp74;0.53
species.K.sp75;0.800333333
species.K.sp76;0.19
species.K.sp77;0.11
species.K.sp78;0.44
species.K.sp79;0.283666667
species.K.sp8;0.351
species.K.sp80;0.123
species.K.sp81;0.089
species.K.sp82;0.255
species.K.sp83;0.23
species.K.sp84;0.161
species.K.sp85;0.344
species.K.sp86;0.5
species.K.sp87;0.35
species.K.sp88;0.258
species.K.sp89;0.093
species.K.sp9;0.18
species.K.sp90;0.3354
species.K.sp91;0.08
species.K.sp92;0.3215
species.K.sp93;0.285
species.K.sp94;0.162333333
species.K.sp95;0.3505
species.K.sp96;0.399428571
species.K.sp97;0.83
species.K.sp98;0.185
species.K.sp99;0.169
species.K.sp100;1.68
species.length2weight.allometric.power.sp0;3.212666667
species.length2weight.allometric.power.sp1;3.2835
species.length2weight.allometric.power.sp10;3.11
species.length2weight.allometric.power.sp11;2.954909091
species.length2weight.allometric.power.sp12;3.141
species.length2weight.allometric.power.sp13;3.0137
species.length2weight.allometric.power.sp14;2.806
species.length2weight.allometric.power.sp15;3.13
species.length2weight.allometric.power.sp16;3.120285714
species.length2weight.allometric.power.sp17;3.13
species.length2weight.allometric.power.sp18;2.735
species.length2weight.allometric.power.sp19;3.072769231
species.length2weight.allometric.power.sp2;3.188818182
species.length2weight.allometric.power.sp20;3.129114286
species.length2weight.allometric.power.sp21;3.14
species.length2weight.allometric.power.sp22;3.008966667
species.length2weight.allometric.power.sp23;3.08188
species.length2weight.allometric.power.sp24;3.103911111
species.length2weight.allometric.power.sp25;2.627
species.length2weight.allometric.power.sp26;3.162733333
species.length2weight.allometric.power.sp27;3.015
species.length2weight.allometric.power.sp28;3.05
species.length2weight.allometric.power.sp29;3.12159
species.length2weight.allometric.power.sp3;2.8512
species.length2weight.allometric.power.sp30;3.147142857
species.length2weight.allometric.power.sp31;3.02
species.length2weight.allometric.power.sp32;3.001414286
species.length2weight.allometric.power.sp33;3.02375
species.length2weight.allometric.power.sp34;3.216
species.length2weight.allometric.power.sp35;2.993
species.length2weight.allometric.power.sp36;2.902636364
species.length2weight.allometric.power.sp37;2.9589
species.length2weight.allometric.power.sp38;2.915125
species.length2weight.allometric.power.sp39;2.4181
species.length2weight.allometric.power.sp4;2.63
species.length2weight.allometric.power.sp40;2.8457
species.length2weight.allometric.power.sp41;2.880433333
species.length2weight.allometric.power.sp42;3.055925
species.length2weight.allometric.power.sp43;3.097545692
species.length2weight.allometric.power.sp44;3.332666667
species.length2weight.allometric.power.sp45;3.147454545
species.length2weight.allometric.power.sp46;3.12421
species.length2weight.allometric.power.sp47;3.1012
species.length2weight.allometric.power.sp48;3.2065
species.length2weight.allometric.power.sp49;3.172775
species.length2weight.allometric.power.sp5;2.462666667
species.length2weight.allometric.power.sp50;2.987
species.length2weight.allometric.power.sp51;3.190222222
species.length2weight.allometric.power.sp52;2.948473684
species.length2weight.allometric.power.sp53;3.031142857
species.length2weight.allometric.power.sp54;1.9695
species.length2weight.allometric.power.sp55;2.62
species.length2weight.allometric.power.sp56;2.4955392
species.length2weight.allometric.power.sp57;2.406
species.length2weight.allometric.power.sp58;3.188
species.length2weight.allometric.power.sp59;3.101
species.length2weight.allometric.power.sp6;3.093466667
species.length2weight.allometric.power.sp60;3.030333333
species.length2weight.allometric.power.sp61;2.92726
species.length2weight.allometric.power.sp62;3.199333333
species.length2weight.allometric.power.sp63;3.289
species.length2weight.allometric.power.sp64;3.184466667
species.length2weight.allometric.power.sp65;3.1178125
species.length2weight.allometric.power.sp66;3.08475
species.length2weight.allometric.power.sp67;2.961222222
species.length2weight.allometric.power.sp68;2.9789
species.length2weight.allometric.power.sp69;3.0594
species.length2weight.allometric.power.sp7;2.68
species.length2weight.allometric.power.sp70;3.2225
species.length2weight.allometric.power.sp71;3.077666667
species.length2weight.allometric.power.sp72;2.9983
species.length2weight.allometric.power.sp73;3.02234006
species.length2weight.allometric.power.sp74;3.19565
species.length2weight.allometric.power.sp75;2.6475
species.length2weight.allometric.power.sp76;2.9055
species.length2weight.allometric.power.sp77;3.1755
species.length2weight.allometric.power.sp78;3.0638
species.length2weight.allometric.power.sp79;3.01966
species.length2weight.allometric.power.sp8;2.8815
species.length2weight.allometric.power.sp80;2.527
species.length2weight.allometric.power.sp81;3
species.length2weight.allometric.power.sp82;3.505
species.length2weight.allometric.power.sp83;2.9310526
species.length2weight.allometric.power.sp84;2.94075
species.length2weight.allometric.power.sp85;2.9476
species.length2weight.allometric.power.sp86;1.737
species.length2weight.allometric.power.sp87;3.033666667
species.length2weight.allometric.power.sp88;2.88
species.length2weight.allometric.power.sp89;2.934
species.length2weight.allometric.power.sp9;3.13502849
species.length2weight.allometric.power.sp90;2.97076
species.length2weight.allometric.power.sp91;2.96
species.length2weight.allometric.power.sp92;3.003609524
species.length2weight.allometric.power.sp93;3.232
species.length2weight.allometric.power.sp94;2.91925
species.length2weight.allometric.power.sp95;3.124615385
species.length2weight.allometric.power.sp96;3.144125
species.length2weight.allometric.power.sp97;3.217166667
species.length2weight.allometric.power.sp98;3.171
species.length2weight.allometric.power.sp99;3.102333333
species.length2weight.allometric.power.sp100;2.92
species.length2weight.condition.factor.sp0;0.003593333
species.length2weight.condition.factor.sp1;0.00548
species.length2weight.condition.factor.sp10;0.0089
species.length2weight.condition.factor.sp11;0.011965455
species.length2weight.condition.factor.sp12;0.007882
species.length2weight.condition.factor.sp13;0.0097
species.length2weight.condition.factor.sp14;0.0102
species.length2weight.condition.factor.sp15;0.00589
species.length2weight.condition.factor.sp16;0.011501429
species.length2weight.condition.factor.sp17;0.0082
species.length2weight.condition.factor.sp18;0.0637
species.length2weight.condition.factor.sp19;0.010536154
species.length2weight.condition.factor.sp2;0.001254545
species.length2weight.condition.factor.sp20;0.015011714
species.length2weight.condition.factor.sp21;0.0116
species.length2weight.condition.factor.sp22;0.0245
species.length2weight.condition.factor.sp23;0.017152
species.length2weight.condition.factor.sp24;0.018609444
species.length2weight.condition.factor.sp25;0.59682
species.length2weight.condition.factor.sp26;0.005266667
species.length2weight.condition.factor.sp27;0.0109
species.length2weight.condition.factor.sp28;0.0123
species.length2weight.condition.factor.sp29;0.009
species.length2weight.condition.factor.sp3;0.017392
species.length2weight.condition.factor.sp30;0.005875714
species.length2weight.condition.factor.sp31;0.0025
species.length2weight.condition.factor.sp32;0.012414286
species.length2weight.condition.factor.sp33;0.020215
species.length2weight.condition.factor.sp34;0.0165
species.length2weight.condition.factor.sp35;0.0064
species.length2weight.condition.factor.sp36;0.012622727
species.length2weight.condition.factor.sp37;0.012278
species.length2weight.condition.factor.sp38;0.01750125
species.length2weight.condition.factor.sp39;0.05
species.length2weight.condition.factor.sp4;0.00135
species.length2weight.condition.factor.sp40;0.0244
species.length2weight.condition.factor.sp41;0.021133333
species.length2weight.condition.factor.sp42;0.012663333
species.length2weight.condition.factor.sp43;0.004338538
species.length2weight.condition.factor.sp44;0.0029
species.length2weight.condition.factor.sp45;0.008859091
species.length2weight.condition.factor.sp46;0.007711
species.length2weight.condition.factor.sp47;0.009168
species.length2weight.condition.factor.sp48;0.001908
species.length2weight.condition.factor.sp49;0.000426
species.length2weight.condition.factor.sp5;0.288012667
species.length2weight.condition.factor.sp50;0.42
species.length2weight.condition.factor.sp51;0.009718889
species.length2weight.condition.factor.sp52;0.021730789
species.length2weight.condition.factor.sp53;0.022165714
species.length2weight.condition.factor.sp54;6,00E-04
species.length2weight.condition.factor.sp55;0.0045
species.length2weight.condition.factor.sp56;0.189242
species.length2weight.condition.factor.sp57;0.00469
species.length2weight.condition.factor.sp58;0.0052
species.length2weight.condition.factor.sp59;0.006773333
species.length2weight.condition.factor.sp6;0.006770667
species.length2weight.condition.factor.sp60;0.009677778
species.length2weight.condition.factor.sp61;0.01394
species.length2weight.condition.factor.sp62;0.007511667
species.length2weight.condition.factor.sp63;0.0037
species.length2weight.condition.factor.sp64;0.001266667
species.length2weight.condition.factor.sp65;0.0065625
species.length2weight.condition.factor.sp66;0.006375
species.length2weight.condition.factor.sp67;0.011122222
species.length2weight.condition.factor.sp68;0.0074
species.length2weight.condition.factor.sp69;0.0214
species.length2weight.condition.factor.sp7;0.0542
species.length2weight.condition.factor.sp70;0.00615
species.length2weight.condition.factor.sp71;0.009611667
species.length2weight.condition.factor.sp72;0.02869
species.length2weight.condition.factor.sp73;0.01775802
species.length2weight.condition.factor.sp74;0.001525
species.length2weight.condition.factor.sp75;0.2975
species.length2weight.condition.factor.sp76;0.0212
species.length2weight.condition.factor.sp77;0.0090525
species.length2weight.condition.factor.sp78;0.007
species.length2weight.condition.factor.sp79;0.025976
species.length2weight.condition.factor.sp8;0.00173
species.length2weight.condition.factor.sp80;0.056856667
species.length2weight.condition.factor.sp81;0.00391
species.length2weight.condition.factor.sp82;0.0028
species.length2weight.condition.factor.sp83;0.01133781
species.length2weight.condition.factor.sp84;0.0312075
species.length2weight.condition.factor.sp85;0.008655556
species.length2weight.condition.factor.sp86;0.099
species.length2weight.condition.factor.sp87;0.017533333
species.length2weight.condition.factor.sp88;0.0033878
species.length2weight.condition.factor.sp89;0.0231
species.length2weight.condition.factor.sp9;0.00675602
species.length2weight.condition.factor.sp90;0.011401333
species.length2weight.condition.factor.sp91;0.0089
species.length2weight.condition.factor.sp92;0.009557143
species.length2weight.condition.factor.sp93;0.00129
species.length2weight.condition.factor.sp94;0.01196625
species.length2weight.condition.factor.sp95;0.010862308
species.length2weight.condition.factor.sp96;0.00753875
species.length2weight.condition.factor.sp97;0.010266667
species.length2weight.condition.factor.sp98;0.00475
species.length2weight.condition.factor.sp99;0.0087
species.length2weight.condition.factor.sp100;0.009
species.lifespan.sp0;8
species.lifespan.sp1;8
species.lifespan.sp10;11
species.lifespan.sp11;14.75
species.lifespan.sp12;6
species.lifespan.sp13;3.66
species.lifespan.sp14;2
species.lifespan.sp15;1
species.lifespan.sp16;26
species.lifespan.sp17;16
species.lifespan.sp18;10
species.lifespan.sp19;7
species.lifespan.sp2;13.14
species.lifespan.sp20;13
species.lifespan.sp21;17
species.lifespan.sp22;18
species.lifespan.sp23;10
species.lifespan.sp24;7
species.lifespan.sp25;2
species.lifespan.sp26;4.5
species.lifespan.sp27;17
species.lifespan.sp28;50
species.lifespan.sp29;3
species.lifespan.sp3;42
species.lifespan.sp30;21
species.lifespan.sp31;8
species.lifespan.sp32;4.33
species.lifespan.sp33;12
species.lifespan.sp34;1.13
species.lifespan.sp35;7
species.lifespan.sp36;8
species.lifespan.sp37;10
species.lifespan.sp38;4
species.lifespan.sp39;1.25
species.lifespan.sp4;8
species.lifespan.sp40;7
species.lifespan.sp41;8
species.lifespan.sp42;13
species.lifespan.sp43;8.3
species.lifespan.sp44;8.5
species.lifespan.sp45;11
species.lifespan.sp46;6.75
species.lifespan.sp47;6.2
species.lifespan.sp48;24
species.lifespan.sp49;15
species.lifespan.sp5;10
species.lifespan.sp50;1.3
species.lifespan.sp51;8
species.lifespan.sp52;6.6
species.lifespan.sp53;12
species.lifespan.sp54;3
species.lifespan.sp55;15
species.lifespan.sp56;6
species.lifespan.sp57;3
species.lifespan.sp58;5
species.lifespan.sp59;15
species.lifespan.sp6;4
species.lifespan.sp60;32.5
species.lifespan.sp61;9
species.lifespan.sp62;2
species.lifespan.sp63;2.265
species.lifespan.sp64;5
species.lifespan.sp65;4
species.lifespan.sp66;8.83
species.lifespan.sp67;6.33
species.lifespan.sp68;7.5
species.lifespan.sp69;21
species.lifespan.sp7;5
species.lifespan.sp70;10.54
species.lifespan.sp71;17
species.lifespan.sp72;5.3
species.lifespan.sp73;8
species.lifespan.sp74;10.5
species.lifespan.sp75;1.5
species.lifespan.sp76;15
species.lifespan.sp77;16
species.lifespan.sp78;16.7
species.lifespan.sp79;11
species.lifespan.sp8;8
species.lifespan.sp80;8
species.lifespan.sp81;8
species.lifespan.sp82;5
species.lifespan.sp83;5.5
species.lifespan.sp84;13
species.lifespan.sp85;6
species.lifespan.sp86;3.5
species.lifespan.sp87;4
species.lifespan.sp88;6
species.lifespan.sp89;14
species.lifespan.sp9;5
species.lifespan.sp90;12
species.lifespan.sp91;18
species.lifespan.sp92;9
species.lifespan.sp93;11
species.lifespan.sp94;7.5
species.lifespan.sp95;5
species.lifespan.sp96;4.33
species.lifespan.sp97;5
species.lifespan.sp98;10
species.lifespan.sp99;5
species.lifespan.sp100;2
species.lInf.sp0;70.3
species.lInf.sp1;52.1
species.lInf.sp10;41.2
species.lInf.sp11;55.05714286
species.lInf.sp12;27.2
species.lInf.sp13;101.45
species.lInf.sp14;7.79
species.lInf.sp15;5.4
species.lInf.sp16;90.625
species.lInf.sp17;107.24
species.lInf.sp18;34.9
species.lInf.sp19;69.62
species.lInf.sp2;70.18666667
species.lInf.sp20;22.2524875
species.lInf.sp21;68.8
species.lInf.sp22;45.28
species.lInf.sp23;44.2
species.lInf.sp24;30.017775
species.lInf.sp25;19.28
species.lInf.sp26;18.408
species.lInf.sp27;144.3249975
species.lInf.sp28;137.4666633
species.lInf.sp29;33.77
species.lInf.sp3;140
species.lInf.sp30;46
species.lInf.sp31;64
species.lInf.sp32;15.9
species.lInf.sp33;52
species.lInf.sp34;29.63
species.lInf.sp35;44.8
species.lInf.sp36;43.214305
species.lInf.sp37;44.33501429
species.lInf.sp38;38.544515
species.lInf.sp39;23.8
species.lInf.sp4;7.139
species.lInf.sp40;103
species.lInf.sp41;102
species.lInf.sp42;39.74833333
species.lInf.sp43;105.4230769
species.lInf.sp44;49.3
species.lInf.sp45;63.7
species.lInf.sp46;29.205
species.lInf.sp47;36.0225
species.lInf.sp48;175
species.lInf.sp49;22.7
species.lInf.sp5;7.433333333
species.lInf.sp50;29.6
species.lInf.sp51;28.3241375
species.lInf.sp52;37.35059154
species.lInf.sp53;63.96
species.lInf.sp54;8.596
species.lInf.sp55;17.85
species.lInf.sp56;4.438642857
species.lInf.sp57;18.03
species.lInf.sp58;67.15
species.lInf.sp59;38.5
species.lInf.sp6;14.75
species.lInf.sp60;55.635
species.lInf.sp61;111.200798
species.lInf.sp62;6.45325231
species.lInf.sp63;8.15
species.lInf.sp64;128.60001
species.lInf.sp65;82.38
species.lInf.sp66;21.30166667
species.lInf.sp67;27.5375
species.lInf.sp68;41.765
species.lInf.sp69;54.05
species.lInf.sp7;57.388
species.lInf.sp70;39.925
species.lInf.sp71;37.3
species.lInf.sp72;63.06363636
species.lInf.sp73;16.925
species.lInf.sp74;56.8
species.lInf.sp75;28.38333333
species.lInf.sp76;174.60001
species.lInf.sp77;49.5
species.lInf.sp78;39.6
species.lInf.sp79;57.03333333
species.lInf.sp8;54.8
species.lInf.sp80;55.3
species.lInf.sp81;100.6
species.lInf.sp82;21.99
species.lInf.sp83;19.6
species.lInf.sp84;41.7
species.lInf.sp85;14.29571429
species.lInf.sp86;19.69
species.lInf.sp87;27.83
species.lInf.sp88;94.7
species.lInf.sp89;319
species.lInf.sp9;32.4
species.lInf.sp90;35.20909125
species.lInf.sp91;62.7
species.lInf.sp92;32.264503
species.lInf.sp93;47.75
species.lInf.sp94;61.46626333
species.lInf.sp95;44.375
species.lInf.sp96;25.94285714
species.lInf.sp97;25.69761111
species.lInf.sp98;238.5
species.lInf.sp99;27.4
species.lInf.sp100;1.84
species.maturity.size.sp0;40
species.maturity.size.sp1;22.5
species.maturity.size.sp10;23.06
species.maturity.size.sp11;20.16428571
species.maturity.size.sp12;16.21
species.maturity.size.sp13;68.4
species.maturity.size.sp14;2.5
species.maturity.size.sp15;2.74
species.maturity.size.sp16;38.6
species.maturity.size.sp17;41.5
species.maturity.size.sp18;10
species.maturity.size.sp19;26.48
species.maturity.size.sp2;60
species.maturity.size.sp20;10.57
species.maturity.size.sp21;25
species.maturity.size.sp22;21.85
species.maturity.size.sp23;20.76
species.maturity.size.sp24;17.38
species.maturity.size.sp25;7.84
species.maturity.size.sp26;10.5
species.maturity.size.sp27;55
species.maturity.size.sp28;65
species.maturity.size.sp29;13.65
species.maturity.size.sp3;53.25
species.maturity.size.sp30;21
species.maturity.size.sp31;44.5
species.maturity.size.sp32;7.8
species.maturity.size.sp33;28.2
species.maturity.size.sp34;14.05
species.maturity.size.sp35;22.37
species.maturity.size.sp36;24.65
species.maturity.size.sp37;28.3
species.maturity.size.sp38;21.88333333
species.maturity.size.sp39;13.75
species.maturity.size.sp4;3.716
species.maturity.size.sp40;33.5
species.maturity.size.sp41;34
species.maturity.size.sp42;24.5
species.maturity.size.sp43;28.88888889
species.maturity.size.sp44;21
species.maturity.size.sp45;44.75
species.maturity.size.sp46;11.2
species.maturity.size.sp47;15.54
species.maturity.size.sp48;107.15
species.maturity.size.sp49;9.5
species.maturity.size.sp5;2.576
species.maturity.size.sp50;14.5
species.maturity.size.sp51;18
species.maturity.size.sp52;16.4
species.maturity.size.sp53;24.65
species.maturity.size.sp54;5.76
species.maturity.size.sp55;8.076
species.maturity.size.sp56;2.15
species.maturity.size.sp57;3
species.maturity.size.sp58;32.2
species.maturity.size.sp59;25
species.maturity.size.sp6;5.35
species.maturity.size.sp60;23.92857143
species.maturity.size.sp61;37
species.maturity.size.sp62;3.3
species.maturity.size.sp63;4
species.maturity.size.sp64;74.5
species.maturity.size.sp65;40
species.maturity.size.sp66;13.44
species.maturity.size.sp67;15.22
species.maturity.size.sp68;16.25
species.maturity.size.sp69;25.78
species.maturity.size.sp7;35.75
species.maturity.size.sp70;29.2125
species.maturity.size.sp71;20.8
species.maturity.size.sp72;46.25
species.maturity.size.sp73;11.5
species.maturity.size.sp74;41.33333333
species.maturity.size.sp75;11
species.maturity.size.sp76;104.3
species.maturity.size.sp77;19.3
species.maturity.size.sp78;20
species.maturity.size.sp79;32.16
species.maturity.size.sp8;30.56
species.maturity.size.sp80;24.5
species.maturity.size.sp81;61
species.maturity.size.sp82;11.7
species.maturity.size.sp83;9.1
species.maturity.size.sp84;22.03
species.maturity.size.sp85;10.82
species.maturity.size.sp86;14
species.maturity.size.sp87;9.3
species.maturity.size.sp88;66.3
species.maturity.size.sp89;111.4
species.maturity.size.sp9;13
species.maturity.size.sp90;18
species.maturity.size.sp91;24.75
species.maturity.size.sp92;16.5
species.maturity.size.sp93;26.88
species.maturity.size.sp94;19
species.maturity.size.sp95;21.5
species.maturity.size.sp96;13.3
species.maturity.size.sp97;11
species.maturity.size.sp98;223.5
species.maturity.size.sp99;11.83
species.maturity.age.sp100;1
species.relativefecundity.sp0;140
species.relativefecundity.sp1;143.4245
species.relativefecundity.sp10;790
species.relativefecundity.sp11;587
species.relativefecundity.sp12;78
species.relativefecundity.sp13;120
species.relativefecundity.sp14;815.4064608
species.relativefecundity.sp15;8050
species.relativefecundity.sp16;650
species.relativefecundity.sp17;311.32
species.relativefecundity.sp18;447.83
species.relativefecundity.sp19;417.4
species.relativefecundity.sp2;3906.153
species.relativefecundity.sp20;400
species.relativefecundity.sp21;199
species.relativefecundity.sp22;3233.33
species.relativefecundity.sp23;200
species.relativefecundity.sp24;162
species.relativefecundity.sp25;6.616666667
species.relativefecundity.sp26;413.979
species.relativefecundity.sp27;515.2962963
species.relativefecundity.sp28;334
species.relativefecundity.sp29;196
species.relativefecundity.sp3;900
species.relativefecundity.sp30;403.5
species.relativefecundity.sp31;193
species.relativefecundity.sp32;1563
species.relativefecundity.sp33;9.05
species.relativefecundity.sp34;1778
species.relativefecundity.sp35;603
species.relativefecundity.sp36;2052
species.relativefecundity.sp37;553
species.relativefecundity.sp38;1822
species.relativefecundity.sp39;211.3
species.relativefecundity.sp4;5477
species.relativefecundity.sp40;102
species.relativefecundity.sp41;102
species.relativefecundity.sp42;1700
species.relativefecundity.sp43;162.66
species.relativefecundity.sp44;120
species.relativefecundity.sp45;1680
species.relativefecundity.sp46;341.0335
species.relativefecundity.sp47;786.33
species.relativefecundity.sp48;0.02
species.relativefecundity.sp49;67.6
species.relativefecundity.sp5;9386
species.relativefecundity.sp50;94.59
species.relativefecundity.sp51;1134
species.relativefecundity.sp52;155.5
species.relativefecundity.sp53;516.9
species.relativefecundity.sp54;1500
species.relativefecundity.sp55;116
species.relativefecundity.sp56;7486
species.relativefecundity.sp57;7705
species.relativefecundity.sp58;1833
species.relativefecundity.sp59;2610.75
species.relativefecundity.sp6;784.09
species.relativefecundity.sp60;206.25
species.relativefecundity.sp61;97.35
species.relativefecundity.sp62;1925
species.relativefecundity.sp63;1229
species.relativefecundity.sp64;5.34
species.relativefecundity.sp65;65
species.relativefecundity.sp66;349.605
species.relativefecundity.sp67;415
species.relativefecundity.sp68;264
species.relativefecundity.sp69;279
species.relativefecundity.sp7;242
species.relativefecundity.sp70;1567
species.relativefecundity.sp71;414.6
species.relativefecundity.sp72;1078
species.relativefecundity.sp73;197.029
species.relativefecundity.sp74;182.166
species.relativefecundity.sp75;6.952042629
species.relativefecundity.sp76;173.184
species.relativefecundity.sp77;5655
species.relativefecundity.sp78;500
species.relativefecundity.sp79;108
species.relativefecundity.sp8;11
species.relativefecundity.sp80;69.5
species.relativefecundity.sp81;56.4
species.relativefecundity.sp82;349.56
species.relativefecundity.sp83;348.5
species.relativefecundity.sp84;664
species.relativefecundity.sp85;246.25
species.relativefecundity.sp86;1618
species.relativefecundity.sp87;2589.26
species.relativefecundity.sp88;130
species.relativefecundity.sp89;93
species.relativefecundity.sp9;1396
species.relativefecundity.sp90;900
species.relativefecundity.sp91;1018.4736
species.relativefecundity.sp92;893
species.relativefecundity.sp93;82.9
species.relativefecundity.sp94;178.2
species.relativefecundity.sp95;472.95
species.relativefecundity.sp96;76
species.relativefecundity.sp97;6433
species.relativefecundity.sp98;40
species.relativefecundity.sp99;500
species.relativefecundity.sp100;42254
species.sexratio.sp0;0.5
species.sexratio.sp1;0.5
species.sexratio.sp10;0.5
species.sexratio.sp11;0.5
species.sexratio.sp12;0.5
species.sexratio.sp13;0.5
species.sexratio.sp14;0.5
species.sexratio.sp15;0.5
species.sexratio.sp16;0.5
species.sexratio.sp17;0.5
species.sexratio.sp18;0.5
species.sexratio.sp19;0.5
species.sexratio.sp2;0.5
species.sexratio.sp20;0.5
species.sexratio.sp21;0.5
species.sexratio.sp22;0.5
species.sexratio.sp23;0.5
species.sexratio.sp24;0.5
species.sexratio.sp25;0.5
species.sexratio.sp26;0.5
species.sexratio.sp27;0.5
species.sexratio.sp28;0.5
species.sexratio.sp29;0.5
species.sexratio.sp3;0.5
species.sexratio.sp30;0.5
species.sexratio.sp31;0.5
species.sexratio.sp32;0.5
species.sexratio.sp33;0.5
species.sexratio.sp34;0.5
species.sexratio.sp35;0.5
species.sexratio.sp36;0.5
species.sexratio.sp37;0.5
species.sexratio.sp38;0.5
species.sexratio.sp39;0.5
species.sexratio.sp4;0.5
species.sexratio.sp40;0.5
species.sexratio.sp41;0.5
species.sexratio.sp42;0.5
species.sexratio.sp43;0.5
species.sexratio.sp44;0.5
species.sexratio.sp45;0.5
species.sexratio.sp46;0.5
species.sexratio.sp47;0.5
species.sexratio.sp48;0.5
species.sexratio.sp49;0.5
species.sexratio.sp5;0.5
species.sexratio.sp50;0.5
species.sexratio.sp51;0.5
species.sexratio.sp52;0.5
species.sexratio.sp53;0.5
species.sexratio.sp54;0.5
species.sexratio.sp55;0.5
species.sexratio.sp56;0.5
species.sexratio.sp57;0.5
species.sexratio.sp58;0.5
species.sexratio.sp59;0.5
species.sexratio.sp6;0.5
species.sexratio.sp60;0.5
species.sexratio.sp61;0.5
species.sexratio.sp62;0.5
species.sexratio.sp63;0.5
species.sexratio.sp64;0.5
species.sexratio.sp65;0.5
species.sexratio.sp66;0.5
species.sexratio.sp67;0.5
species.sexratio.sp68;0.5
species.sexratio.sp69;0.5
species.sexratio.sp7;0.5
species.sexratio.sp70;0.5
species.sexratio.sp71;0.5
species.sexratio.sp72;0.5
species.sexratio.sp73;0.5
species.sexratio.sp74;0.5
species.sexratio.sp75;0.5
species.sexratio.sp76;0.5
species.sexratio.sp77;0.5
species.sexratio.sp78;0.5
species.sexratio.sp79;0.5
species.sexratio.sp8;0.5
species.sexratio.sp80;0.5
species.sexratio.sp81;0.5
species.sexratio.sp82;0.5
species.sexratio.sp83;0.5
species.sexratio.sp84;0.5
species.sexratio.sp85;0.5
species.sexratio.sp86;0.5
species.sexratio.sp87;0.5
species.sexratio.sp88;0.5
species.sexratio.sp89;0.5
species.sexratio.sp9;0.5
species.sexratio.sp90;0.5
species.sexratio.sp91;0.5
species.sexratio.sp92;0.5
species.sexratio.sp93;0.5
species.sexratio.sp94;0.5
species.sexratio.sp95;0.5
species.sexratio.sp96;0.5
species.sexratio.sp97;0.5
species.sexratio.sp98;0.5
species.sexratio.sp99;0.5
species.sexratio.sp100;0.5
species.t0.sp0;0
species.t0.sp1;-0.58
species.t0.sp10;0
species.t0.sp11;-0.4666
species.t0.sp12;-1.513
species.t0.sp13;0.0355
species.t0.sp14;0
species.t0.sp15;-0.3
species.t0.sp16;-2.36225
species.t0.sp17;-0.9
species.t0.sp18;-1.72
species.t0.sp19;-0.66625
species.t0.sp2;-0.5017
species.t0.sp20;-1.228969231
species.t0.sp21;-0.75
species.t0.sp22;-0.306
species.t0.sp23;-1.483
species.t0.sp24;-1.728375
species.t0.sp25;-0.03
species.t0.sp26;-1.74484
species.t0.sp27;-0.767
species.t0.sp28;-0.7665
species.t0.sp29;-1.6313
species.t0.sp3;-0.225
species.t0.sp30;0
species.t0.sp31;0
species.t0.sp32;-1.328
species.t0.sp33;0
species.t0.sp34;0
species.t0.sp35;-1.07
species.t0.sp36;-0.4665
species.t0.sp37;-0.4108
species.t0.sp38;-0.35875
species.t0.sp39;0.06
species.t0.sp4;-0.14
species.t0.sp40;-0.05
species.t0.sp41;-0.05
species.t0.sp42;-1.623166667
species.t0.sp43;-0.049233333
species.t0.sp44;0
species.t0.sp45;-0.275444444
species.t0.sp46;-0.44275
species.t0.sp47;-1.279166667
species.t0.sp48;-2.845
species.t0.sp49;-0.29
species.t0.sp5;-0.077666667
species.t0.sp50;-0.23
species.t0.sp51;-1.707333333
species.t0.sp52;-1.147461538
species.t0.sp53;0
species.t0.sp54;0
species.t0.sp55;-0.26
species.t0.sp56;-0.129025
species.t0.sp57;-0.94
species.t0.sp58;-0.515
species.t0.sp59;-2.222
species.t0.sp6;-0.925
species.t0.sp60;-1.504111111
species.t0.sp61;-0.904
species.t0.sp62;0
species.t0.sp63;-0.165
species.t0.sp64;-0.586
species.t0.sp65;-1.5475
species.t0.sp66;-0.851666667
species.t0.sp67;-2.100125
species.t0.sp68;-0.589
species.t0.sp69;-0.39375
species.t0.sp7;-4.155
species.t0.sp70;-0.853833333
species.t0.sp71;-0.925
species.t0.sp72;-0.408363636
species.t0.sp73;-1.81
species.t0.sp74;0
species.t0.sp75;-0.06
species.t0.sp76;-0.314
species.t0.sp77;-0.76
species.t0.sp78;-0.46
species.t0.sp79;-0.6266
species.t0.sp8;-1.463333333
species.t0.sp80;-3.248
species.t0.sp81;-0.825
species.t0.sp82;-1.16
species.t0.sp83;-1.97
species.t0.sp84;-0.8475
species.t0.sp85;-1.3985
species.t0.sp86;-0.37
species.t0.sp87;-0.499
species.t0.sp88;-1.354
species.t0.sp89;-0.97
species.t0.sp9;-1.363333333
species.t0.sp90;-0.773
species.t0.sp91;-2.82
species.t0.sp92;-0.7085
species.t0.sp93;-1.616
species.t0.sp94;-1.0275
species.t0.sp95;-0.61525
species.t0.sp96;-2.14375
species.t0.sp97;0
species.t0.sp98;-1.404
species.t0.sp99;-2.12
species.t0.sp100;-0.2
species.vonbertalanffy.threshold.age.sp0;1
species.vonbertalanffy.threshold.age.sp1;1
species.vonbertalanffy.threshold.age.sp10;1
species.vonbertalanffy.threshold.age.sp11;1
species.vonbertalanffy.threshold.age.sp12;1
species.vonbertalanffy.threshold.age.sp13;1
species.vonbertalanffy.threshold.age.sp14;1
species.vonbertalanffy.threshold.age.sp15;0.5
species.vonbertalanffy.threshold.age.sp16;1
species.vonbertalanffy.threshold.age.sp17;1
species.vonbertalanffy.threshold.age.sp18;1
species.vonbertalanffy.threshold.age.sp19;1
species.vonbertalanffy.threshold.age.sp2;1
species.vonbertalanffy.threshold.age.sp20;1
species.vonbertalanffy.threshold.age.sp21;1
species.vonbertalanffy.threshold.age.sp22;1
species.vonbertalanffy.threshold.age.sp23;1
species.vonbertalanffy.threshold.age.sp24;1
species.vonbertalanffy.threshold.age.sp25;1
species.vonbertalanffy.threshold.age.sp26;1
species.vonbertalanffy.threshold.age.sp27;1
species.vonbertalanffy.threshold.age.sp28;1
species.vonbertalanffy.threshold.age.sp29;1
species.vonbertalanffy.threshold.age.sp3;1
species.vonbertalanffy.threshold.age.sp30;1
species.vonbertalanffy.threshold.age.sp31;1
species.vonbertalanffy.threshold.age.sp32;1
species.vonbertalanffy.threshold.age.sp33;1
species.vonbertalanffy.threshold.age.sp34;0.5
species.vonbertalanffy.threshold.age.sp35;1
species.vonbertalanffy.threshold.age.sp36;1
species.vonbertalanffy.threshold.age.sp37;1
species.vonbertalanffy.threshold.age.sp38;1
species.vonbertalanffy.threshold.age.sp39;1
species.vonbertalanffy.threshold.age.sp4;1
species.vonbertalanffy.threshold.age.sp40;1
species.vonbertalanffy.threshold.age.sp41;1
species.vonbertalanffy.threshold.age.sp42;1
species.vonbertalanffy.threshold.age.sp43;1
species.vonbertalanffy.threshold.age.sp44;1
species.vonbertalanffy.threshold.age.sp45;1
species.vonbertalanffy.threshold.age.sp46;1
species.vonbertalanffy.threshold.age.sp47;1
species.vonbertalanffy.threshold.age.sp48;1
species.vonbertalanffy.threshold.age.sp49;1
species.vonbertalanffy.threshold.age.sp5;1
species.vonbertalanffy.threshold.age.sp50;1
species.vonbertalanffy.threshold.age.sp51;1
species.vonbertalanffy.threshold.age.sp52;1
species.vonbertalanffy.threshold.age.sp53;1
species.vonbertalanffy.threshold.age.sp54;1
species.vonbertalanffy.threshold.age.sp55;1
species.vonbertalanffy.threshold.age.sp56;1
species.vonbertalanffy.threshold.age.sp57;1
species.vonbertalanffy.threshold.age.sp58;1
species.vonbertalanffy.threshold.age.sp59;1
species.vonbertalanffy.threshold.age.sp6;1
species.vonbertalanffy.threshold.age.sp60;1
species.vonbertalanffy.threshold.age.sp61;1
species.vonbertalanffy.threshold.age.sp62;1
species.vonbertalanffy.threshold.age.sp63;1
species.vonbertalanffy.threshold.age.sp64;1
species.vonbertalanffy.threshold.age.sp65;1
species.vonbertalanffy.threshold.age.sp66;1
species.vonbertalanffy.threshold.age.sp67;1
species.vonbertalanffy.threshold.age.sp68;1
species.vonbertalanffy.threshold.age.sp69;1
species.vonbertalanffy.threshold.age.sp7;1
species.vonbertalanffy.threshold.age.sp70;1
species.vonbertalanffy.threshold.age.sp71;1
species.vonbertalanffy.threshold.age.sp72;1
species.vonbertalanffy.threshold.age.sp73;1
species.vonbertalanffy.threshold.age.sp74;1
species.vonbertalanffy.threshold.age.sp75;0.5
species.vonbertalanffy.threshold.age.sp76;1
species.vonbertalanffy.threshold.age.sp77;1
species.vonbertalanffy.threshold.age.sp78;1
species.vonbertalanffy.threshold.age.sp79;1
species.vonbertalanffy.threshold.age.sp8;1
species.vonbertalanffy.threshold.age.sp80;1
species.vonbertalanffy.threshold.age.sp81;1
species.vonbertalanffy.threshold.age.sp82;1
species.vonbertalanffy.threshold.age.sp83;1
species.vonbertalanffy.threshold.age.sp84;1
species.vonbertalanffy.threshold.age.sp85;1
species.vonbertalanffy.threshold.age.sp86;1
species.vonbertalanffy.threshold.age.sp87;1
species.vonbertalanffy.threshold.age.sp88;1
species.vonbertalanffy.threshold.age.sp89;1
species.vonbertalanffy.threshold.age.sp9;5
species.vonbertalanffy.threshold.age.sp90;1
species.vonbertalanffy.threshold.age.sp91;1
species.vonbertalanffy.threshold.age.sp92;1
species.vonbertalanffy.threshold.age.sp93;1
species.vonbertalanffy.threshold.age.sp94;1
species.vonbertalanffy.threshold.age.sp95;1
species.vonbertalanffy.threshold.age.sp96;1
species.vonbertalanffy.threshold.age.sp97;1
species.vonbertalanffy.threshold.age.sp98;1
species.vonbertalanffy.threshold.age.sp99;1
species.vonbertalanffy.threshold.age.sp100;1
species.delta.lmax.factor.sp0;1.5
species.delta.lmax.factor.sp1;1.5
species.delta.lmax.factor.sp2;1.5
species.delta.lmax.factor.sp3;1.5
species.delta.lmax.factor.sp4;1.5
species.delta.lmax.factor.sp5;1.5
species.delta.lmax.factor.sp6;1.5
species.delta.lmax.factor.sp7;1.5
species.delta.lmax.factor.sp8;1.5
species.delta.lmax.factor.sp9;2.5
species.delta.lmax.factor.sp10;1.5
species.delta.lmax.factor.sp11;1.5
species.delta.lmax.factor.sp12;1.5
species.delta.lmax.factor.sp13;1.5
species.delta.lmax.factor.sp14;1.5
species.delta.lmax.factor.sp15;1.5
species.delta.lmax.factor.sp16;1.5
species.delta.lmax.factor.sp17;1.5
species.delta.lmax.factor.sp18;1.5
species.delta.lmax.factor.sp19;1.5
species.delta.lmax.factor.sp20;1.5
species.delta.lmax.factor.sp21;1.5
species.delta.lmax.factor.sp22;1.5
species.delta.lmax.factor.sp23;1.5
species.delta.lmax.factor.sp24;1.5
species.delta.lmax.factor.sp25;1.5
species.delta.lmax.factor.sp26;2
species.delta.lmax.factor.sp27;1.5
species.delta.lmax.factor.sp28;1.5
species.delta.lmax.factor.sp29;1.5
species.delta.lmax.factor.sp30;1.5
species.delta.lmax.factor.sp31;1.5
species.delta.lmax.factor.sp32;1.5
species.delta.lmax.factor.sp33;1.5
species.delta.lmax.factor.sp34;1.5
species.delta.lmax.factor.sp35;1.5
species.delta.lmax.factor.sp36;1.5
species.delta.lmax.factor.sp37;1.5
species.delta.lmax.factor.sp38;1.5
species.delta.lmax.factor.sp39;1.5
species.delta.lmax.factor.sp40;1.5
species.delta.lmax.factor.sp41;1.5
species.delta.lmax.factor.sp42;1.5
species.delta.lmax.factor.sp43;1.5
species.delta.lmax.factor.sp44;1.5
species.delta.lmax.factor.sp45;1.5
species.delta.lmax.factor.sp46;1.5
species.delta.lmax.factor.sp47;1.5
species.delta.lmax.factor.sp48;1.5
species.delta.lmax.factor.sp49;1.5
species.delta.lmax.factor.sp50;1.5
species.delta.lmax.factor.sp51;1.5
species.delta.lmax.factor.sp52;1.5
species.delta.lmax.factor.sp53;1.5
species.delta.lmax.factor.sp54;1.5
species.delta.lmax.factor.sp55;1.5
species.delta.lmax.factor.sp56;1.5
species.delta.lmax.factor.sp57;1.5
species.delta.lmax.factor.sp58;1.5
species.delta.lmax.factor.sp59;1.5
species.delta.lmax.factor.sp60;1.5
species.delta.lmax.factor.sp61;1.5
species.delta.lmax.factor.sp62;1.5
species.delta.lmax.factor.sp63;1.5
species.delta.lmax.factor.sp64;1.5
species.delta.lmax.factor.sp65;1.5
species.delta.lmax.factor.sp66;1.5
species.delta.lmax.factor.sp67;1.5
species.delta.lmax.factor.sp68;1.5
species.delta.lmax.factor.sp69;1.5
species.delta.lmax.factor.sp70;1.5
species.delta.lmax.factor.sp71;1.5
species.delta.lmax.factor.sp72;1.5
species.delta.lmax.factor.sp73;1.5
species.delta.lmax.factor.sp74;1.5
species.delta.lmax.factor.sp75;1.5
species.delta.lmax.factor.sp76;1.5
species.delta.lmax.factor.sp77;1.5
species.delta.lmax.factor.sp78;1.5
species.delta.lmax.factor.sp79;1.5
species.delta.lmax.factor.sp80;1.5
species.delta.lmax.factor.sp81;1.5
species.delta.lmax.factor.sp82;1.5
species.delta.lmax.factor.sp83;1.5
species.delta.lmax.factor.sp84;1.5
species.delta.lmax.factor.sp85;1.5
species.delta.lmax.factor.sp86;1.5
species.delta.lmax.factor.sp87;1.5
species.delta.lmax.factor.sp88;2
species.delta.lmax.factor.sp89;2
species.delta.lmax.factor.sp90;1.5
species.delta.lmax.factor.sp91;1.5
species.delta.lmax.factor.sp92;1.5
species.delta.lmax.factor.sp93;1.5
species.delta.lmax.factor.sp94;1.5
species.delta.lmax.factor.sp95;1.5
species.delta.lmax.factor.sp96;1.5
species.delta.lmax.factor.sp97;1.5
species.delta.lmax.factor.sp98;1.5
species.delta.lmax.factor.sp99;1.5
species.delta.lmax.factor.sp100;1.5
# Osmose 4.3.0 - Added parameter species.type.sp0;focal
species.type.sp0;focal
# Osmose 4.3.0 - Added parameter species.type.sp1;focal
species.type.sp1;focal
# Osmose 4.3.0 - Added parameter species.type.sp2;focal
species.type.sp2;focal
# Osmose 4.3.0 - Added parameter species.type.sp3;focal
species.type.sp3;focal
# Osmose 4.3.0 - Added parameter species.type.sp4;focal
species.type.sp4;focal
# Osmose 4.3.0 - Added parameter species.type.sp5;focal
species.type.sp5;focal
# Osmose 4.3.0 - Added parameter species.type.sp6;focal
species.type.sp6;focal
# Osmose 4.3.0 - Added parameter species.type.sp7;focal
species.type.sp7;focal
# Osmose 4.3.0 - Added parameter species.type.sp8;focal
species.type.sp8;focal
# Osmose 4.3.0 - Added parameter species.type.sp9;focal
species.type.sp9;focal
# Osmose 4.3.0 - Added parameter species.type.sp10;focal
species.type.sp10;focal
# Osmose 4.3.0 - Added parameter species.type.sp11;focal
species.type.sp11;focal
# Osmose 4.3.0 - Added parameter species.type.sp12;focal
species.type.sp12;focal
# Osmose 4.3.0 - Added parameter species.type.sp13;focal
species.type.sp13;focal
# Osmose 4.3.0 - Added parameter species.type.sp14;focal
species.type.sp14;focal
# Osmose 4.3.0 - Added parameter species.type.sp15;focal
species.type.sp15;focal
# Osmose 4.3.0 - Added parameter species.type.sp16;focal
species.type.sp16;focal
# Osmose 4.3.0 - Added parameter species.type.sp17;focal
species.type.sp17;focal
# Osmose 4.3.0 - Added parameter species.type.sp18;focal
species.type.sp18;focal
# Osmose 4.3.0 - Added parameter species.type.sp19;focal
species.type.sp19;focal
# Osmose 4.3.0 - Added parameter species.type.sp20;focal
species.type.sp20;focal
# Osmose 4.3.0 - Added parameter species.type.sp21;focal
species.type.sp21;focal
# Osmose 4.3.0 - Added parameter species.type.sp22;focal
species.type.sp22;focal
# Osmose 4.3.0 - Added parameter species.type.sp23;focal
species.type.sp23;focal
# Osmose 4.3.0 - Added parameter species.type.sp24;focal
species.type.sp24;focal
# Osmose 4.3.0 - Added parameter species.type.sp25;focal
species.type.sp25;focal
# Osmose 4.3.0 - Added parameter species.type.sp26;focal
species.type.sp26;focal
# Osmose 4.3.0 - Added parameter species.type.sp27;focal
species.type.sp27;focal
# Osmose 4.3.0 - Added parameter species.type.sp28;focal
species.type.sp28;focal
# Osmose 4.3.0 - Added parameter species.type.sp29;focal
species.type.sp29;focal
# Osmose 4.3.0 - Added parameter species.type.sp30;focal
species.type.sp30;focal
# Osmose 4.3.0 - Added parameter species.type.sp31;focal
species.type.sp31;focal
# Osmose 4.3.0 - Added parameter species.type.sp32;focal
species.type.sp32;focal
# Osmose 4.3.0 - Added parameter species.type.sp33;focal
species.type.sp33;focal
# Osmose 4.3.0 - Added parameter species.type.sp34;focal
species.type.sp34;focal
# Osmose 4.3.0 - Added parameter species.type.sp35;focal
species.type.sp35;focal
# Osmose 4.3.0 - Added parameter species.type.sp36;focal
species.type.sp36;focal
# Osmose 4.3.0 - Added parameter species.type.sp37;focal
species.type.sp37;focal
# Osmose 4.3.0 - Added parameter species.type.sp38;focal
species.type.sp38;focal
# Osmose 4.3.0 - Added parameter species.type.sp39;focal
species.type.sp39;focal
# Osmose 4.3.0 - Added parameter species.type.sp40;focal
species.type.sp40;focal
# Osmose 4.3.0 - Added parameter species.type.sp41;focal
species.type.sp41;focal
# Osmose 4.3.0 - Added parameter species.type.sp42;focal
species.type.sp42;focal
# Osmose 4.3.0 - Added parameter species.type.sp43;focal
species.type.sp43;focal
# Osmose 4.3.0 - Added parameter species.type.sp44;focal
species.type.sp44;focal
# Osmose 4.3.0 - Added parameter species.type.sp45;focal
species.type.sp45;focal
# Osmose 4.3.0 - Added parameter species.type.sp46;focal
species.type.sp46;focal
# Osmose 4.3.0 - Added parameter species.type.sp47;focal
species.type.sp47;focal
# Osmose 4.3.0 - Added parameter species.type.sp48;focal
species.type.sp48;focal
# Osmose 4.3.0 - Added parameter species.type.sp49;focal
species.type.sp49;focal
# Osmose 4.3.0 - Added parameter species.type.sp50;focal
species.type.sp50;focal
# Osmose 4.3.0 - Added parameter species.type.sp51;focal
species.type.sp51;focal
# Osmose 4.3.0 - Added parameter species.type.sp52;focal
species.type.sp52;focal
# Osmose 4.3.0 - Added parameter species.type.sp53;focal
species.type.sp53;focal
# Osmose 4.3.0 - Added parameter species.type.sp54;focal
species.type.sp54;focal
# Osmose 4.3.0 - Added parameter species.type.sp55;focal
species.type.sp55;focal
# Osmose 4.3.0 - Added parameter species.type.sp56;focal
species.type.sp56;focal
# Osmose 4.3.0 - Added parameter species.type.sp57;focal
species.type.sp57;focal
# Osmose 4.3.0 - Added parameter species.type.sp58;focal
species.type.sp58;focal
# Osmose 4.3.0 - Added parameter species.type.sp59;focal
species.type.sp59;focal
# Osmose 4.3.0 - Added parameter species.type.sp60;focal
species.type.sp60;focal
# Osmose 4.3.0 - Added parameter species.type.sp61;focal
species.type.sp61;focal
# Osmose 4.3.0 - Added parameter species.type.sp62;focal
species.type.sp62;focal
# Osmose 4.3.0 - Added parameter species.type.sp63;focal
species.type.sp63;focal
# Osmose 4.3.0 - Added parameter species.type.sp64;focal
species.type.sp64;focal
# Osmose 4.3.0 - Added parameter species.type.sp65;focal
species.type.sp65;focal
# Osmose 4.3.0 - Added parameter species.type.sp66;focal
species.type.sp66;focal
# Osmose 4.3.0 - Added parameter species.type.sp67;focal
species.type.sp67;focal
# Osmose 4.3.0 - Added parameter species.type.sp68;focal
species.type.sp68;focal
# Osmose 4.3.0 - Added parameter species.type.sp69;focal
species.type.sp69;focal
# Osmose 4.3.0 - Added parameter species.type.sp70;focal
species.type.sp70;focal
# Osmose 4.3.0 - Added parameter species.type.sp71;focal
species.type.sp71;focal
# Osmose 4.3.0 - Added parameter species.type.sp72;focal
species.type.sp72;focal
# Osmose 4.3.0 - Added parameter species.type.sp73;focal
species.type.sp73;focal
# Osmose 4.3.0 - Added parameter species.type.sp74;focal
species.type.sp74;focal
# Osmose 4.3.0 - Added parameter species.type.sp75;focal
species.type.sp75;focal
# Osmose 4.3.0 - Added parameter species.type.sp76;focal
species.type.sp76;focal
# Osmose 4.3.0 - Added parameter species.type.sp77;focal
species.type.sp77;focal
# Osmose 4.3.0 - Added parameter species.type.sp78;focal
species.type.sp78;focal
# Osmose 4.3.0 - Added parameter species.type.sp79;focal
species.type.sp79;focal
# Osmose 4.3.0 - Added parameter species.type.sp80;focal
species.type.sp80;focal
# Osmose 4.3.0 - Added parameter species.type.sp81;focal
species.type.sp81;focal
# Osmose 4.3.0 - Added parameter species.type.sp82;focal
species.type.sp82;focal
# Osmose 4.3.0 - Added parameter species.type.sp83;focal
species.type.sp83;focal
# Osmose 4.3.0 - Added parameter species.type.sp84;focal
species.type.sp84;focal
# Osmose 4.3.0 - Added parameter species.type.sp85;focal
species.type.sp85;focal
# Osmose 4.3.0 - Added parameter species.type.sp86;focal
species.type.sp86;focal
# Osmose 4.3.0 - Added parameter species.type.sp87;focal
species.type.sp87;focal
# Osmose 4.3.0 - Added parameter species.type.sp88;focal
species.type.sp88;focal
# Osmose 4.3.0 - Added parameter species.type.sp89;focal
species.type.sp89;focal
# Osmose 4.3.0 - Added parameter species.type.sp90;focal
species.type.sp90;focal
# Osmose 4.3.0 - Added parameter species.type.sp91;focal
species.type.sp91;focal
# Osmose 4.3.0 - Added parameter species.type.sp92;focal
species.type.sp92;focal
# Osmose 4.3.0 - Added parameter species.type.sp93;focal
species.type.sp93;focal
# Osmose 4.3.0 - Added parameter species.type.sp94;focal
species.type.sp94;focal
# Osmose 4.3.0 - Added parameter species.type.sp95;focal
species.type.sp95;focal
# Osmose 4.3.0 - Added parameter species.type.sp96;focal
species.type.sp96;focal
# Osmose 4.3.0 - Added parameter species.type.sp97;focal
species.type.sp97;focal
# Osmose 4.3.0 - Added parameter species.type.sp98;focal
species.type.sp98;focal
# Osmose 4.3.0 - Added parameter species.type.sp99;focal
species.type.sp99;focal
# Osmose 4.3.0 - Added parameter species.type.sp100;focal
species.type.sp100;focal
# Osmose 4.3.0 - Added parameter species.type.sp101;resource
species.type.sp101;resource
# Osmose 4.3.0 - Added parameter species.type.sp102;resource
species.type.sp102;resource
# Osmose 4.3.0 - Added parameter species.type.sp103;resource
species.type.sp103;resource
# Osmose 4.3.0 - Added parameter species.type.sp104;resource
species.type.sp104;resource
# Osmose 4.3.0 - Added parameter species.type.sp105;resource
species.type.sp105;resource
# Osmose 4.3.0 - Added parameter species.type.sp106;resource
species.type.sp106;resource
# Osmose 4.3.0 - Added parameter species.type.sp107;resource
species.type.sp107;resource
